{
    "loss": 2.019577980041504,
    "accuracy": 0.686274528503418
}