{
    "loss": 1.205722689628601,
    "accuracy": 0.8627451062202454
}