{
    "loss": 0.39276108145713806,
    "accuracy": 0.9117646813392639
}